full_path,score,event_id
/ntfsl/data/fit_processed_data/plots/running_2020-12-14_23-40-37.png,0.0005007075,746
/ntfsl/data/fit_processed_data/plots/running_2019-11-10_21-23-44.png,0.0005007075,457
/ntfsl/data/fit_processed_data/plots/running_2018-02-03_16-21-14.png,0.0005007075,84
/ntfsl/data/fit_processed_data/plots/running_2020-02-11_23-38-17.png,0.0005007075,519
/ntfsl/data/fit_processed_data/plots/running_2020-04-22_23-34-35.png,0.73461115,568
/ntfsl/data/fit_processed_data/plots/running_2020-08-08_16-01-06.png,0.0005007075,650
/ntfsl/data/fit_processed_data/plots/running_2020-06-11_12-56-50.png,0.52216077,603
/ntfsl/data/fit_processed_data/plots/running_2020-01-08_00-20-01.png,0.0005007075,494
/ntfsl/data/fit_processed_data/plots/running_2019-01-24_20-52-44.png,0.0005007075,227
/ntfsl/data/fit_processed_data/plots/running_2018-01-10_13-11-41.png,0.0005007075,67
/ntfsl/data/fit_processed_data/plots/running_2021-04-19_22-29-09.png,0.0005007075,818
/ntfsl/data/fit_processed_data/plots/running_2020-08-11_13-24-44.png,0.0005007075,653
/ntfsl/data/fit_processed_data/plots/running_2020-12-01_13-56-36.png,0.0005007075,737
/ntfsl/data/fit_processed_data/plots/running_2019-10-09_23-11-42.png,0.0005007075,432
/ntfsl/data/fit_processed_data/plots/running_2018-12-18_00-11-40.png,0.0005007075,203
/ntfsl/data/fit_processed_data/plots/running_2018-09-05_00-32-31.png,0.0005007075,162
/ntfsl/data/fit_processed_data/plots/running_2018-09-27_00-33-27.png,0.0005007075,172
/ntfsl/data/fit_processed_data/plots/running_2020-10-02_22-45-38.png,0.0005007075,696
/ntfsl/data/fit_processed_data/plots/running_2019-09-20_00-33-10.png,0.0005007075,421
/ntfsl/data/fit_processed_data/plots/running_2018-12-24_18-01-40.png,0.0005007075,206
/ntfsl/data/fit_processed_data/plots/running_2019-09-13_23-36-05.png,0.0005007075,414
/ntfsl/data/fit_processed_data/plots/running_2017-11-12_21-57-46.png,0.0005007075,42
/ntfsl/data/fit_processed_data/plots/running_2021-04-03_15-49-57.png,0.0005007075,808
/ntfsl/data/fit_processed_data/plots/running_2019-02-05_00-39-07.png,0.0005007075,235
/ntfsl/data/fit_processed_data/plots/running_2021-02-24_19-00-06.png,0.0005007075,784
/ntfsl/data/fit_processed_data/plots/running_2019-01-02_20-04-50.png,0.0005007075,211
/ntfsl/data/fit_processed_data/plots/running_2019-04-21_14-24-48.png,0.0005007075,291
/ntfsl/data/fit_processed_data/plots/running_2017-10-27_15-55-03.png,0.0005007075,30
/ntfsl/data/fit_processed_data/plots/running_2020-08-03_13-05-47.png,0.0005007075,645
/ntfsl/data/fit_processed_data/plots/running_2021-01-26_00-00-17.png,0.0005007075,769
/ntfsl/data/fit_processed_data/plots/running_2018-05-16_23-39-06.png,0.0005007075,110
/ntfsl/data/fit_processed_data/plots/running_2020-04-28_13-04-41.png,0.34243223,571
/ntfsl/data/fit_processed_data/plots/running_2018-09-17_23-39-47.png,0.0005007075,168
/ntfsl/data/fit_processed_data/plots/running_2020-11-18_14-15-10.png,0.0005007075,728
/ntfsl/data/fit_processed_data/plots/running_2019-09-02_22-49-28.png,0.0005007075,404
/ntfsl/data/fit_processed_data/plots/running_2018-03-12_23-39-44.png,0.0005007075,95
/ntfsl/data/fit_processed_data/plots/running_2020-04-18_16-43-17.png,0.5120748,565
/ntfsl/data/fit_processed_data/plots/running_2019-05-17_23-02-52.png,0.0005007075,308
/ntfsl/data/fit_processed_data/plots/running_2020-09-14_13-20-13.png,0.0005007075,682
/ntfsl/data/fit_processed_data/plots/running_2020-11-07_15-15-23.png,0.0005007075,721
/ntfsl/data/fit_processed_data/plots/running_2019-03-23_17-17-28.png,0.0005007075,267
/ntfsl/data/fit_processed_data/plots/running_2018-07-04_13-38-03.png,0.0005007075,130
/ntfsl/data/fit_processed_data/plots/running_2019-06-19_10-36-12.png,0.0005007075,340
/ntfsl/data/fit_processed_data/plots/running_2018-11-09_17-37-08.png,0.0005007075,189
/ntfsl/data/fit_processed_data/plots/running_2019-06-02_13-43-25.png,0.0005007075,326
/ntfsl/data/fit_processed_data/plots/running_2020-02-04_00-27-34.png,0.06977925,513
/ntfsl/data/fit_processed_data/plots/running_2018-01-09_00-37-10.png,0.0005007075,66
/ntfsl/data/fit_processed_data/plots/running_2019-01-08_00-38-23.png,0.0005007075,216
/ntfsl/data/fit_processed_data/plots/running_2020-10-04_13-48-42.png,0.0017795104,698
/ntfsl/data/fit_processed_data/plots/running_2019-10-15_23-02-52.png,0.0005007075,438
/ntfsl/data/fit_processed_data/plots/running_2019-06-21_00-24-38.png,0.0005007075,343
/ntfsl/data/fit_processed_data/plots/running_2020-02-27_03-51-46.png,0.0005007075,530
/ntfsl/data/fit_processed_data/plots/running_2019-02-03_19-57-17.png,0.0005007075,234
/ntfsl/data/fit_processed_data/plots/running_2019-06-09_15-16-00.png,0.0005007075,332
/ntfsl/data/fit_processed_data/plots/running_2018-10-04_23-40-55.png,0.0005007075,177
/ntfsl/data/fit_processed_data/plots/running_2020-02-01_17-56-48.png,0.0005007075,511
/ntfsl/data/fit_processed_data/plots/running_2020-01-18_18-38-28.png,0.0005007075,500
/ntfsl/data/fit_processed_data/plots/running_2019-10-28_23-34-02.png,0.0005007075,450
/ntfsl/data/fit_processed_data/plots/running_2019-07-13_14-25-30.png,0.0005007075,366
/ntfsl/data/fit_processed_data/plots/running_2018-08-19_18-19-04.png,0.0005007075,154
/ntfsl/data/fit_processed_data/plots/running_2020-05-30_16-41-19.png,0.5926259,594
/ntfsl/data/fit_processed_data/plots/running_2021-01-07_23-45-29.png,0.0005007075,758
/ntfsl/data/fit_processed_data/plots/running_2019-02-10_17-49-17.png,0.0005007075,239
/ntfsl/data/fit_processed_data/plots/running_2019-04-12_00-08-07.png,0.0005007075,284
/ntfsl/data/fit_processed_data/plots/running_2021-01-18_17-33-19.png,0.0005007075,764
/ntfsl/data/fit_processed_data/plots/running_2019-03-09_16-19-49.png,0.0005007075,259
/ntfsl/data/fit_processed_data/plots/running_2021-01-29_20-34-08.png,0.0005007075,772
/ntfsl/data/fit_processed_data/plots/running_2019-08-21_22-46-51.png,0.0005007075,396
/ntfsl/data/fit_processed_data/plots/running_2019-11-19_00-27-41.png,0.19870308,463
/ntfsl/data/fit_processed_data/plots/running_2020-03-05_00-19-03.png,0.0005007075,536
/ntfsl/data/fit_processed_data/plots/running_2019-11-12_00-42-18.png,0.0005007075,458
/ntfsl/data/fit_processed_data/plots/running_2019-04-15_23-37-02.png,0.0005007075,287
/ntfsl/data/fit_processed_data/plots/running_2019-07-12_23-00-06.png,0.0005007075,365
/ntfsl/data/fit_processed_data/plots/running_2019-08-17_19-55-22.png,0.0005007075,392
/ntfsl/data/fit_processed_data/plots/running_2019-08-22_22-44-22.png,0.0005007075,397
/ntfsl/data/fit_processed_data/plots/running_2021-01-20_23-42-46.png,0.0005007075,766
/ntfsl/data/fit_processed_data/plots/running_2021-05-01_18-00-25.png,0.0005007075,826
/ntfsl/data/fit_processed_data/plots/running_2019-04-04_23-25-38.png,0.0005007075,278
/ntfsl/data/fit_processed_data/plots/running_2019-12-11_22-58-21.png,0.9682866,482
/ntfsl/data/fit_processed_data/plots/running_2020-08-19_12-46-42.png,0.0005007075,660
/ntfsl/data/fit_processed_data/plots/running_2020-02-15_22-58-18.png,0.0005007075,522
/ntfsl/data/fit_processed_data/plots/running_2020-10-13_22-05-22.png,0.0005007075,704
/ntfsl/data/fit_processed_data/plots/running_2019-12-01_17-58-55.png,0.0022566484,477
/ntfsl/data/fit_processed_data/plots/running_2019-06-24_23-18-28.png,0.0005007075,347
/ntfsl/data/fit_processed_data/plots/running_2017-11-23_00-17-08.png,0.0005007075,47
/ntfsl/data/fit_processed_data/plots/running_2019-02-28_12-43-32.png,0.0005007075,254
/ntfsl/data/fit_processed_data/plots/running_2019-06-15_14-02-14.png,0.0005007075,337
/ntfsl/data/fit_processed_data/plots/running_2019-01-06_18-46-10.png,0.0005007075,215
/ntfsl/data/fit_processed_data/plots/running_2019-06-22_14-12-45.png,0.0005007075,345
/ntfsl/data/fit_processed_data/plots/running_2021-03-13_17-31-47.png,0.0005007075,795
/ntfsl/data/fit_processed_data/plots/running_2020-09-17_12-05-04.png,0.0005007075,684
/ntfsl/data/fit_processed_data/plots/running_2018-06-02_12-37-30.png,0.0005007075,113
/ntfsl/data/fit_processed_data/plots/running_2020-03-17_22-39-19.png,0.0012546992,547
/ntfsl/data/fit_processed_data/plots/running_2020-06-07_00-26-57.png,0.6636733,600
/ntfsl/data/fit_processed_data/plots/running_2019-04-27_12-03-08.png,0.0005007075,294
/ntfsl/data/fit_processed_data/plots/running_2018-03-08_13-53-05.png,0.0005007075,91
/ntfsl/data/fit_processed_data/plots/running_2020-02-09_16-47-46.png,0.0005007075,517
/ntfsl/data/fit_processed_data/plots/running_2021-04-24_16-05-20.png,0.0005007075,821
/ntfsl/data/fit_processed_data/plots/running_2021-05-12_22-46-24.png,0.0005007075,830
/ntfsl/data/fit_processed_data/plots/running_2019-05-31_02-14-48.png,0.0005007075,321
/ntfsl/data/fit_processed_data/plots/running_2019-11-17_18-46-16.png,0.0005007075,462
/ntfsl/data/fit_processed_data/plots/running_2020-01-07_00-29-22.png,0.000722734,493
/ntfsl/data/fit_processed_data/plots/running_2017-10-25_23-47-21.png,0.0005007075,29
/ntfsl/data/fit_processed_data/plots/running_2020-10-22_22-55-49.png,0.12660177,711
/ntfsl/data/fit_processed_data/plots/running_2020-07-31_12-45-22.png,0.0005007075,642
/ntfsl/data/fit_processed_data/plots/running_2018-06-20_23-25-15.png,0.0005007075,124
/ntfsl/data/fit_processed_data/plots/running_2019-10-26_16-42-14.png,0.0005007075,448
/ntfsl/data/fit_processed_data/plots/running_2019-07-04_13-53-07.png,0.0005007075,357
/ntfsl/data/fit_processed_data/plots/running_2018-03-22_23-45-32.png,0.0005007075,101
/ntfsl/data/fit_processed_data/plots/running_2020-01-30_00-02-27.png,0.0005007075,508
/ntfsl/data/fit_processed_data/plots/running_2020-02-20_01-06-55.png,0.0005007075,525
/ntfsl/data/fit_processed_data/plots/running_2017-11-30_00-56-04.png,0.0005007075,52
/ntfsl/data/fit_processed_data/plots/running_2021-01-15_20-53-56.png,0.0005007075,762
/ntfsl/data/fit_processed_data/plots/running_2020-08-13_13-25-36.png,0.0005007075,655
/ntfsl/data/fit_processed_data/plots/running_2019-02-28_00-45-11.png,0.0005007075,253
/ntfsl/data/fit_processed_data/plots/running_2018-11-24_19-06-43.png,0.0005007075,194
/ntfsl/data/fit_processed_data/plots/running_2017-10-10_20-50-18.png,0.0005007075,18
/ntfsl/data/fit_processed_data/plots/running_2020-01-25_15-59-50.png,0.0005007075,505
/ntfsl/data/fit_processed_data/plots/running_2018-07-08_18-57-27.png,0.0005007075,133
/ntfsl/data/fit_processed_data/plots/running_2021-02-03_23-29-10.png,0.0005007075,775
/ntfsl/data/fit_processed_data/plots/running_2020-07-03_18-57-28.png,0.49659914,620
/ntfsl/data/fit_processed_data/plots/running_2018-09-30_15-54-57.png,0.0005007075,174
/ntfsl/data/fit_processed_data/plots/running_2018-01-13_15-54-07.png,0.0005007075,69
/ntfsl/data/fit_processed_data/plots/running_2020-11-13_00-08-25.png,0.0005007075,725
/ntfsl/data/fit_processed_data/plots/running_2017-12-17_17-25-06.png,0.41395876,60
/ntfsl/data/fit_processed_data/plots/running_2017-10-28_17-57-53.png,0.30406,31
/ntfsl/data/fit_processed_data/plots/running_2020-12-19_16-05-39.png,0.0005007075,748
/ntfsl/data/fit_processed_data/plots/running_2021-03-08_18-31-24.png,0.0005007075,792
/ntfsl/data/fit_processed_data/plots/running_2019-09-19_23-59-02.png,0.0005007075,419
/ntfsl/data/fit_processed_data/plots/running_2020-06-14_15-15-30.png,0.98484457,606
/ntfsl/data/fit_processed_data/plots/running_2019-08-25_16-35-28.png,0.0005007075,399
/ntfsl/data/fit_processed_data/plots/running_2018-02-24_18-46-58.png,0.0005007075,86
/ntfsl/data/fit_processed_data/plots/running_2020-06-25_11-48-27.png,0.743461,615
/ntfsl/data/fit_processed_data/plots/running_2018-01-16_00-38-39.png,0.0005007075,71
/ntfsl/data/fit_processed_data/plots/running_2021-03-18_22-07-14.png,0.0005007075,797
/ntfsl/data/fit_processed_data/plots/running_2019-05-05_13-40-46.png,0.0005007075,297
/ntfsl/data/fit_processed_data/plots/running_2020-11-30_23-35-45.png,0.0005007075,736
/ntfsl/data/fit_processed_data/plots/running_2020-01-31_00-29-58.png,0.0005007075,509
/ntfsl/data/fit_processed_data/plots/running_2019-08-10_00-10-29.png,0.0005007075,385
/ntfsl/data/fit_processed_data/plots/running_2019-07-20_12-39-47.png,0.0005007075,373
/ntfsl/data/fit_processed_data/plots/running_2020-11-19_23-13-30.png,0.0005007075,729
/ntfsl/data/fit_processed_data/plots/running_2017-10-29_12-30-15.png,0.0005007075,33
/ntfsl/data/fit_processed_data/plots/running_2019-02-13_19-44-29.png,0.0005007075,241
/ntfsl/data/fit_processed_data/plots/running_2018-10-17_22-18-29.png,0.0005007075,180
/ntfsl/data/fit_processed_data/plots/running_2018-08-22_23-20-41.png,0.0005007075,156
/ntfsl/data/fit_processed_data/plots/running_2019-03-30_14-53-01.png,0.0005007075,274
/ntfsl/data/fit_processed_data/plots/running_2018-06-03_16-10-28.png,0.0005007075,115
/ntfsl/data/fit_processed_data/plots/running_2017-10-06_18-10-28.png,0.0005007075,15
/ntfsl/data/fit_processed_data/plots/running_2017-10-22_14-29-43.png,0.0005007075,27
/ntfsl/data/fit_processed_data/plots/running_2018-11-13_00-38-25.png,0.0005007075,190
/ntfsl/data/fit_processed_data/plots/running_2020-07-09_13-21-10.png,0.9208142,625
/ntfsl/data/fit_processed_data/plots/running_2020-01-04_00-55-48.png,0.0005007075,491
/ntfsl/data/fit_processed_data/plots/running_2020-02-23_18-09-00.png,0.0005007075,528
/ntfsl/data/fit_processed_data/plots/running_2018-06-08_00-06-05.png,0.0005007075,116
/ntfsl/data/fit_processed_data/plots/running_2018-07-23_23-36-45.png,0.0005007075,141
/ntfsl/data/fit_processed_data/plots/running_2020-09-27_15-34-11.png,0.0005007075,692
/ntfsl/data/fit_processed_data/plots/running_2018-02-13_00-44-41.png,0.0005007075,85
/ntfsl/data/fit_processed_data/plots/running_2018-07-11_10-58-52.png,0.0005007075,135
/ntfsl/data/fit_processed_data/plots/running_2020-05-13_22-58-25.png,0.7810017,582
/ntfsl/data/fit_processed_data/plots/running_2020-06-20_18-12-08.png,0.40566024,611
/ntfsl/data/fit_processed_data/plots/running_2017-09-24_15-34-49.png,0.0005007075,4
/ntfsl/data/fit_processed_data/plots/running_2019-03-31_17-28-44.png,0.00069201755,275
/ntfsl/data/fit_processed_data/plots/running_2021-02-28_18-56-57.png,0.0005007075,787
/ntfsl/data/fit_processed_data/plots/running_2020-07-14_13-20-26.png,0.0005007075,628
/ntfsl/data/fit_processed_data/plots/running_2019-02-22_00-12-07.png,0.0005007075,246
/ntfsl/data/fit_processed_data/plots/running_2018-08-12_16-26-22.png,0.0005007075,151
/ntfsl/data/fit_processed_data/plots/running_2020-07-18_15-41-49.png,0.0005007075,632
/ntfsl/data/fit_processed_data/plots/running_2019-01-10_15-55-36.png,0.0005007075,218
/ntfsl/data/fit_processed_data/plots/running_2021-01-30_18-39-19.png,0.0005007075,773
/ntfsl/data/fit_processed_data/plots/running_2021-04-01_22-10-19.png,0.0005007075,807
/ntfsl/data/fit_processed_data/plots/running_2020-03-26_12-59-09.png,0.0005007075,555
/ntfsl/data/fit_processed_data/plots/running_2018-01-19_13-32-37.png,0.0005007075,73
/ntfsl/data/fit_processed_data/plots/running_2019-08-24_13-25-16.png,0.0005007075,398
/ntfsl/data/fit_processed_data/plots/running_2018-01-24_13-52-29.png,0.0005007075,77
/ntfsl/data/fit_processed_data/plots/running_2018-03-30_23-40-36.png,0.0021283247,106
/ntfsl/data/fit_processed_data/plots/running_2020-05-29_22-58-18.png,0.5710949,593
/ntfsl/data/fit_processed_data/plots/running_2020-01-17_02-01-44.png,0.0005007075,498
/ntfsl/data/fit_processed_data/plots/running_2020-08-28_13-24-25.png,0.0005007075,668
/ntfsl/data/fit_processed_data/plots/running_2019-08-07_22-50-26.png,0.0005007075,383
/ntfsl/data/fit_processed_data/plots/running_2020-07-15_13-06-06.png,0.0005007075,629
/ntfsl/data/fit_processed_data/plots/running_2020-03-01_17-52-24.png,0.0005007075,534
/ntfsl/data/fit_processed_data/plots/running_2019-09-14_16-53-33.png,0.0005007075,415
/ntfsl/data/fit_processed_data/plots/running_2019-02-19_00-39-21.png,0.0005007075,245
/ntfsl/data/fit_processed_data/plots/running_2020-12-03_23-23-28.png,0.0005007075,739
/ntfsl/data/fit_processed_data/plots/running_2020-09-12_18-23-07.png,0.0005007075,680
/ntfsl/data/fit_processed_data/plots/running_2018-09-02_15-44-00.png,0.0005007075,161
/ntfsl/data/fit_processed_data/plots/running_2019-08-27_22-56-18.png,0.0005007075,401
/ntfsl/data/fit_processed_data/plots/running_2020-05-03_13-08-40.png,0.77214634,574
/ntfsl/data/fit_processed_data/plots/running_2019-11-28_14-33-15.png,0.0005007075,472
/ntfsl/data/fit_processed_data/plots/running_2020-05-26_23-22-52.png,0.64386266,591
/ntfsl/data/fit_processed_data/plots/running_2020-12-04_23-42-12.png,0.0005007075,740
/ntfsl/data/fit_processed_data/plots/running_2019-03-27_22-47-04.png,0.0005007075,272
/ntfsl/data/fit_processed_data/plots/running_2018-06-11_23-36-50.png,0.0005007075,119
/ntfsl/data/fit_processed_data/plots/running_2020-05-21_23-03-31.png,0.9901719,588
/ntfsl/data/fit_processed_data/plots/running_2019-09-24_22-28-26.png,0.0005007075,425
/ntfsl/data/fit_processed_data/plots/running_2019-10-07_23-38-56.png,0.0005007075,431
/ntfsl/data/fit_processed_data/plots/running_2019-03-28_11-47-48.png,0.0005007075,273
/ntfsl/data/fit_processed_data/plots/running_2020-07-01_12-45-07.png,0.8284526,619
/ntfsl/data/fit_processed_data/plots/running_2020-01-21_00-30-11.png,0.8943332,502
/ntfsl/data/fit_processed_data/plots/running_2020-09-19_14-07-31.png,0.0005007075,686
/ntfsl/data/fit_processed_data/plots/running_2017-11-01_23-35-44.png,0.0005007075,36
/ntfsl/data/fit_processed_data/plots/running_2020-03-12_22-31-00.png,0.0005007075,543
/ntfsl/data/fit_processed_data/plots/running_2019-06-01_13-00-12.png,0.0005007075,324
/ntfsl/data/fit_processed_data/plots/running_2019-02-16_02-46-37.png,0.5587649,243
/ntfsl/data/fit_processed_data/plots/running_2019-06-16_17-08-38.png,0.0005007075,338
/ntfsl/data/fit_processed_data/plots/running_2017-09-23_13-57-45.png,0.0005007075,3
/ntfsl/data/fit_processed_data/plots/running_2019-10-21_23-12-26.png,0.0005007075,444
/ntfsl/data/fit_processed_data/plots/running_2019-02-26_00-37-27.png,0.0005007075,251
/ntfsl/data/fit_processed_data/plots/running_2018-10-22_23-39-32.png,0.0005007075,182
/ntfsl/data/fit_processed_data/plots/running_2020-10-20_22-35-33.png,0.0005007075,709
/ntfsl/data/fit_processed_data/plots/running_2020-03-18_23-07-08.png,0.0005007075,548
/ntfsl/data/fit_processed_data/plots/running_2020-07-06_13-06-53.png,0.7234763,622
/ntfsl/data/fit_processed_data/plots/running_2021-02-11_22-59-36.png,0.0005007075,779
/ntfsl/data/fit_processed_data/plots/running_2021-04-27_22-22-18.png,0.0005007075,823
/ntfsl/data/fit_processed_data/plots/running_2018-09-22_13-42-45.png,0.0005007075,170
/ntfsl/data/fit_processed_data/plots/running_2019-09-03_23-43-25.png,0.0005007075,406
/ntfsl/data/fit_processed_data/plots/running_2020-01-28_00-36-11.png,0.0005007075,506
/ntfsl/data/fit_processed_data/plots/running_2019-03-25_23-35-58.png,0.0005007075,270
/ntfsl/data/fit_processed_data/plots/running_2019-05-24_00-28-39.png,0.0005007075,316
/ntfsl/data/fit_processed_data/plots/running_2019-02-14_18-15-51.png,0.0005007075,242
/ntfsl/data/fit_processed_data/plots/running_2020-11-06_13-30-19.png,0.0005007075,720
/ntfsl/data/fit_processed_data/plots/running_2019-11-03_20-30-37.png,0.0005007075,452
/ntfsl/data/fit_processed_data/plots/running_2019-04-12_23-35-25.png,0.0005007075,285
/ntfsl/data/fit_processed_data/plots/running_2021-03-03_18-49-15.png,0.0005007075,789
/ntfsl/data/fit_processed_data/plots/running_2020-05-18_23-04-32.png,0.7170517,586
/ntfsl/data/fit_processed_data/plots/running_2018-08-18_16-24-25.png,0.0005007075,153
/ntfsl/data/fit_processed_data/plots/running_2021-05-05_17-42-46.png,0.0005007075,828
/ntfsl/data/fit_processed_data/plots/running_2018-07-14_17-59-07.png,0.0005007075,136
/ntfsl/data/fit_processed_data/plots/running_2019-10-29_23-31-00.png,0.0005007075,451
/ntfsl/data/fit_processed_data/plots/running_2019-07-05_22-19-58.png,0.0005007075,358
/ntfsl/data/fit_processed_data/plots/running_2021-02-18_23-09-01.png,0.0005007075,782
/ntfsl/data/fit_processed_data/plots/running_2018-11-03_17-23-22.png,0.0005007075,187
/ntfsl/data/fit_processed_data/plots/running_2019-11-14_00-35-24.png,0.0005007075,459
/ntfsl/data/fit_processed_data/plots/running_2019-11-07_23-59-19.png,0.0005007075,455
/ntfsl/data/fit_processed_data/plots/running_2020-05-05_22-32-30.png,0.6805984,575
/ntfsl/data/fit_processed_data/plots/running_2019-05-16_22-53-58.png,0.0005007075,307
/ntfsl/data/fit_processed_data/plots/running_2017-10-29_11-47-30.png,0.0005007075,32
/ntfsl/data/fit_processed_data/plots/running_2019-08-30_21-59-58.png,0.0005007075,402
/ntfsl/data/fit_processed_data/plots/running_2018-03-24_14-44-44.png,0.0009867565,103
/ntfsl/data/fit_processed_data/plots/running_2020-06-12_12-58-52.png,0.7319808,604
/ntfsl/data/fit_processed_data/plots/running_2018-06-18_23-35-39.png,0.0005007075,123
/ntfsl/data/fit_processed_data/plots/running_2019-06-20_23-43-26.png,0.0005007075,341
/ntfsl/data/fit_processed_data/plots/running_2018-08-05_15-08-16.png,0.0005007075,147
/ntfsl/data/fit_processed_data/plots/running_2018-08-01_11-02-28.png,0.0005007075,145
/ntfsl/data/fit_processed_data/plots/running_2017-10-21_13-40-02.png,0.0005007075,26
/ntfsl/data/fit_processed_data/plots/running_2020-08-08_16-22-00.png,0.0005007075,651
/ntfsl/data/fit_processed_data/plots/running_2021-05-11_22-40-32.png,0.0005007075,829
/ntfsl/data/fit_processed_data/plots/running_2019-09-28_00-17-48.png,0.0005007075,426
/ntfsl/data/fit_processed_data/plots/running_2020-04-11_14-04-49.png,0.5523225,559
/ntfsl/data/fit_processed_data/plots/running_2019-07-17_10-33-47.png,0.0005007075,370
/ntfsl/data/fit_processed_data/plots/running_2017-09-27_23-48-23.png,0.0005007075,6
/ntfsl/data/fit_processed_data/plots/running_2020-07-22_12-22-22.png,0.0005007075,635
/ntfsl/data/fit_processed_data/plots/running_2017-09-29_23-29-22.png,0.00055616576,7
/ntfsl/data/fit_processed_data/plots/running_2019-07-26_03-06-09.png,0.0005007075,377
/ntfsl/data/fit_processed_data/plots/running_2020-03-10_22-36-22.png,0.0005007075,541
/ntfsl/data/fit_processed_data/plots/running_2019-09-22_14-49-06.png,0.0005007075,423
/ntfsl/data/fit_processed_data/plots/running_2019-07-07_14-23-09.png,0.0005007075,360
/ntfsl/data/fit_processed_data/plots/running_2019-09-16_23-31-49.png,0.0005007075,417
/ntfsl/data/fit_processed_data/plots/running_2020-06-10_12-14-23.png,0.66472995,602
/ntfsl/data/fit_processed_data/plots/running_2018-01-06_15-00-16.png,0.0005007075,64
/ntfsl/data/fit_processed_data/plots/running_2020-08-07_12-58-50.png,0.0005007075,648
/ntfsl/data/fit_processed_data/plots/running_2019-01-18_14-41-03.png,0.0005007075,223
/ntfsl/data/fit_processed_data/plots/running_2018-10-18_22-49-25.png,0.0005007075,181
/ntfsl/data/fit_processed_data/plots/running_2019-05-24_00-00-04.png,0.0005007075,315
/ntfsl/data/fit_processed_data/plots/running_2021-04-14_22-53-35.png,0.0005007075,815
/ntfsl/data/fit_processed_data/plots/running_2018-03-06_00-36-58.png,0.0005007075,90
/ntfsl/data/fit_processed_data/plots/running_2018-11-17_19-37-11.png,0.0005007075,192
/ntfsl/data/fit_processed_data/plots/running_2021-02-07_22-33-07.png,0.0005007075,777
/ntfsl/data/fit_processed_data/plots/running_2020-01-10_00-56-42.png,0.0005007075,495
/ntfsl/data/fit_processed_data/plots/running_2017-10-18_23-56-22.png,0.0005007075,24
/ntfsl/data/fit_processed_data/plots/running_2020-10-30_22-23-18.png,0.0019155263,717
/ntfsl/data/fit_processed_data/plots/running_2020-09-13_16-07-51.png,0.0005007075,681
/ntfsl/data/fit_processed_data/plots/running_2019-11-27_02-07-56.png,0.0005007075,471
/ntfsl/data/fit_processed_data/plots/running_2020-09-08_22-32-09.png,0.0005007075,677
/ntfsl/data/fit_processed_data/plots/running_2021-03-28_18-03-23.png,0.0005007075,804
/ntfsl/data/fit_processed_data/plots/running_2019-06-26_10-35-51.png,0.0005007075,348
/ntfsl/data/fit_processed_data/plots/running_2017-12-19_00-10-43.png,0.0005007075,61
/ntfsl/data/fit_processed_data/plots/running_2017-11-21_00-37-46.png,0.0005007075,46
/ntfsl/data/fit_processed_data/plots/running_2019-01-04_21-04-20.png,0.0005007075,213
/ntfsl/data/fit_processed_data/plots/running_2020-05-11_23-52-41.png,0.5521175,580
/ntfsl/data/fit_processed_data/plots/running_2019-10-16_11-18-09.png,0.0005007075,439
/ntfsl/data/fit_processed_data/plots/running_2020-02-22_01-11-08.png,0.0005007075,527
/ntfsl/data/fit_processed_data/plots/running_2018-10-01_23-41-03.png,0.0005007075,175
/ntfsl/data/fit_processed_data/plots/running_2017-10-05_22-59-23.png,0.0005007075,14
/ntfsl/data/fit_processed_data/plots/running_2019-05-06_23-40-15.png,0.0005007075,298
/ntfsl/data/fit_processed_data/plots/running_2019-09-11_00-26-39.png,0.0005007075,412
/ntfsl/data/fit_processed_data/plots/running_2019-02-24_17-57-06.png,0.0005007075,249
/ntfsl/data/fit_processed_data/plots/running_2018-01-25_13-26-58.png,0.0005007075,78
/ntfsl/data/fit_processed_data/plots/running_2019-08-19_23-35-52.png,0.0005007075,394
/ntfsl/data/fit_processed_data/plots/running_2021-02-25_23-09-58.png,0.0005007075,785
/ntfsl/data/fit_processed_data/plots/running_2018-09-10_23-42-21.png,0.0005007075,165
/ntfsl/data/fit_processed_data/plots/running_2021-05-13_22-20-17.png,0.0005007075,831
/ntfsl/data/fit_processed_data/plots/running_2020-11-26_15-39-34.png,0.0016723056,733
/ntfsl/data/fit_processed_data/plots/running_2020-03-26_00-08-22.png,0.0005007075,554
/ntfsl/data/fit_processed_data/plots/running_2018-12-25_05-59-36.png,0.0005007075,207
/ntfsl/data/fit_processed_data/plots/running_2018-01-31_13-49-45.png,0.0005007075,83
/ntfsl/data/fit_processed_data/plots/running_2018-10-29_23-39-44.png,0.0005007075,185
/ntfsl/data/fit_processed_data/plots/running_2020-07-11_12-46-57.png,0.0005007075,627
/ntfsl/data/fit_processed_data/plots/running_2018-07-01_16-13-25.png,0.038213182,129
/ntfsl/data/fit_processed_data/plots/running_2017-09-21_21-17-32.png,0.0005007075,1
/ntfsl/data/fit_processed_data/plots/running_2018-06-24_17-09-13.png,0.0005007075,126
/ntfsl/data/fit_processed_data/plots/running_2019-07-23_23-33-25.png,0.0005007075,375
/ntfsl/data/fit_processed_data/plots/running_2019-01-27_18-21-26.png,0.0005007075,230
/ntfsl/data/fit_processed_data/plots/running_2019-05-27_23-35-14.png,0.0005007075,319
/ntfsl/data/fit_processed_data/plots/running_2020-10-07_13-45-07.png,0.0005007075,700
/ntfsl/data/fit_processed_data/plots/running_2019-09-28_00-37-57.png,0.0005007075,427
/ntfsl/data/fit_processed_data/plots/running_2019-09-20_23-59-05.png,0.0005007075,422
/ntfsl/data/fit_processed_data/plots/running_2021-03-06_17-16-58.png,0.0005007075,791
/ntfsl/data/fit_processed_data/plots/running_2019-10-10_22-58-36.png,0.0005007075,433
/ntfsl/data/fit_processed_data/plots/running_2018-06-02_13-08-51.png,0.010117273,114
/ntfsl/data/fit_processed_data/plots/running_2021-01-28_18-07-13.png,0.0005007075,771
/ntfsl/data/fit_processed_data/plots/running_2019-01-12_18-14-26.png,0.0005007075,219
/ntfsl/data/fit_processed_data/plots/running_2021-06-21_22-43-19.png,0.0005007075,835
/ntfsl/data/fit_processed_data/plots/running_2020-10-14_23-28-53.png,0.0005007075,705
/ntfsl/data/fit_processed_data/plots/running_2018-10-26_22-41-30.png,0.0005007075,183
/ntfsl/data/fit_processed_data/plots/running_2020-03-06_00-07-25.png,0.0005007075,537
/ntfsl/data/fit_processed_data/plots/running_2018-12-19_18-02-57.png,0.0005007075,204
/ntfsl/data/fit_processed_data/plots/running_2020-11-05_13-03-50.png,0.0005007075,719
/ntfsl/data/fit_processed_data/plots/running_2019-05-08_19-12-50.png,0.0005007075,299
/ntfsl/data/fit_processed_data/plots/running_2021-03-11_23-05-26.png,0.0005007075,793
/ntfsl/data/fit_processed_data/plots/running_2019-06-01_12-32-13.png,0.0005007075,323
/ntfsl/data/fit_processed_data/plots/running_2019-12-31_00-40-49.png,0.0005007075,487
/ntfsl/data/fit_processed_data/plots/running_2017-11-05_17-20-43.png,0.0005007075,38
/ntfsl/data/fit_processed_data/plots/running_2020-01-14_00-34-03.png,0.0005007075,497
/ntfsl/data/fit_processed_data/plots/running_2020-08-06_12-44-38.png,0.0005007075,647
/ntfsl/data/fit_processed_data/plots/running_2020-06-16_12-29-43.png,0.93153346,607
/ntfsl/data/fit_processed_data/plots/running_2021-03-20_16-34-36.png,0.0005007075,799
/ntfsl/data/fit_processed_data/plots/running_2019-02-12_00-37-41.png,0.0005007075,240
/ntfsl/data/fit_processed_data/plots/running_2019-10-04_23-30-06.png,0.0005007075,430
/ntfsl/data/fit_processed_data/plots/running_2019-01-30_13-38-33.png,0.0005007075,232
/ntfsl/data/fit_processed_data/plots/running_2020-08-21_13-19-04.png,0.0005007075,662
/ntfsl/data/fit_processed_data/plots/running_2019-05-04_16-33-05.png,0.0005007075,296
/ntfsl/data/fit_processed_data/plots/running_2020-12-09_00-08-24.png,0.0005007075,743
/ntfsl/data/fit_processed_data/plots/running_2018-07-28_17-42-59.png,0.0005007075,143
/ntfsl/data/fit_processed_data/plots/running_2020-02-05_12-40-07.png,0.0005007075,514
/ntfsl/data/fit_processed_data/plots/running_2019-03-24_13-30-06.png,0.4080895,269
/ntfsl/data/fit_processed_data/plots/running_2018-12-30_19-46-20.png,0.0005007075,210
/ntfsl/data/fit_processed_data/plots/running_2018-03-02_21-04-40.png,0.0005007075,88
/ntfsl/data/fit_processed_data/plots/running_2019-02-07_16-59-32.png,0.0005007075,237
/ntfsl/data/fit_processed_data/plots/running_2019-08-03_12-36-47.png,0.00092082226,379
/ntfsl/data/fit_processed_data/plots/running_2019-04-13_15-35-39.png,0.0005007075,286
/ntfsl/data/fit_processed_data/plots/running_2019-05-13_23-37-34.png,0.0005007075,304
/ntfsl/data/fit_processed_data/plots/running_2019-07-06_13-57-15.png,0.0005007075,359
/ntfsl/data/fit_processed_data/plots/running_2017-09-30_15-52-43.png,0.0005007075,8
/ntfsl/data/fit_processed_data/plots/running_2020-12-05_18-08-55.png,0.0005007075,741
/ntfsl/data/fit_processed_data/plots/running_2019-05-23_23-12-53.png,0.0005007075,314
/ntfsl/data/fit_processed_data/plots/running_2020-08-29_16-23-16.png,0.0005007075,669
/ntfsl/data/fit_processed_data/plots/running_2019-07-11_23-21-59.png,0.0005007075,364
/ntfsl/data/fit_processed_data/plots/running_2019-01-22_00-44-44.png,0.0005007075,226
/ntfsl/data/fit_processed_data/plots/running_2018-01-20_17-41-04.png,0.0005007075,74
/ntfsl/data/fit_processed_data/plots/running_2020-10-15_15-49-25.png,0.0005007075,706
/ntfsl/data/fit_processed_data/plots/running_2020-08-30_15-58-22.png,0.0005007075,670
/ntfsl/data/fit_processed_data/plots/running_2021-05-02_12-07-22.png,0.0005007075,827
/ntfsl/data/fit_processed_data/plots/running_2019-10-18_23-15-57.png,0.0005007075,441
/ntfsl/data/fit_processed_data/plots/running_2019-12-31_18-16-37.png,0.0005007075,488
/ntfsl/data/fit_processed_data/plots/running_2020-01-17_23-28-02.png,0.0005007075,499
/ntfsl/data/fit_processed_data/plots/running_2020-03-20_00-22-52.png,0.0005007075,549
/ntfsl/data/fit_processed_data/plots/running_2018-07-05_23-45-09.png,0.0005007075,131
/ntfsl/data/fit_processed_data/plots/running_2020-05-08_17-01-49.png,0.6221791,578
/ntfsl/data/fit_processed_data/plots/running_2018-01-18_13-28-12.png,0.0005007075,72
/ntfsl/data/fit_processed_data/plots/running_2018-10-06_15-54-51.png,0.0005007075,178
/ntfsl/data/fit_processed_data/plots/running_2019-12-10_23-15-58.png,0.0005007075,481
/ntfsl/data/fit_processed_data/plots/running_2020-10-09_13-00-29.png,0.0005007075,701
/ntfsl/data/fit_processed_data/plots/running_2019-01-13_17-35-12.png,0.0005007075,220
/ntfsl/data/fit_processed_data/plots/running_2019-02-23_22-22-39.png,0.0005007075,248
/ntfsl/data/fit_processed_data/plots/running_2020-08-01_13-17-25.png,0.0005007075,643
/ntfsl/data/fit_processed_data/plots/running_2019-07-01_23-02-57.png,0.0005007075,355
/ntfsl/data/fit_processed_data/plots/running_2017-11-03_18-54-17.png,0.0022720508,37
/ntfsl/data/fit_processed_data/plots/running_2019-11-23_23-21-38.png,0.0005007075,468
/ntfsl/data/fit_processed_data/plots/running_2019-05-11_15-48-39.png,0.0005007075,302
/ntfsl/data/fit_processed_data/plots/running_2020-05-07_23-47-49.png,0.61273533,577
/ntfsl/data/fit_processed_data/plots/running_2019-06-28_02-57-19.png,0.0005007075,349
/ntfsl/data/fit_processed_data/plots/running_2017-10-11_23-46-52.png,0.0005007075,19
/ntfsl/data/fit_processed_data/plots/running_2019-12-15_23-03-50.png,0.0005007075,484
/ntfsl/data/fit_processed_data/plots/running_2020-08-26_13-29-29.png,0.0005007075,666
/ntfsl/data/fit_processed_data/plots/running_2020-09-09_12-40-21.png,0.0005007075,678
/ntfsl/data/fit_processed_data/plots/running_2020-07-20_12-48-17.png,0.0005007075,633
/ntfsl/data/fit_processed_data/plots/running_2019-02-06_16-17-06.png,0.0005007075,236
/ntfsl/data/fit_processed_data/plots/running_2020-05-20_16-22-38.png,0.76067275,587
/ntfsl/data/fit_processed_data/plots/running_2020-01-03_00-01-20.png,0.0005007075,490
/ntfsl/data/fit_processed_data/plots/running_2020-12-15_23-44-56.png,0.0005007075,747
/ntfsl/data/fit_processed_data/plots/running_2017-12-12_00-37-24.png,0.0005007075,58
/ntfsl/data/fit_processed_data/plots/running_2019-05-09_22-17-29.png,0.0005007075,301
/ntfsl/data/fit_processed_data/plots/running_2020-12-25_19-25-17.png,0.0005007075,751
/ntfsl/data/fit_processed_data/plots/running_2021-03-31_22-29-39.png,0.0005007075,806
/ntfsl/data/fit_processed_data/plots/running_2020-08-27_13-06-34.png,0.0005007075,667
/ntfsl/data/fit_processed_data/plots/running_2017-10-13_17-55-24.png,0.0005007075,21
/ntfsl/data/fit_processed_data/plots/running_2018-11-20_00-20-00.png,0.0005007075,193
/ntfsl/data/fit_processed_data/plots/running_2019-11-21_00-12-16.png,0.016618386,466
/ntfsl/data/fit_processed_data/plots/running_2018-03-04_18-41-07.png,0.0005007075,89
/ntfsl/data/fit_processed_data/plots/running_2017-10-08_12-51-26.png,0.0005007075,17
/ntfsl/data/fit_processed_data/plots/running_2019-01-20_00-16-40.png,0.0005007075,224
/ntfsl/data/fit_processed_data/plots/running_2018-07-15_17-23-47.png,0.0005007075,137
/ntfsl/data/fit_processed_data/plots/running_2019-04-16_23-16-50.png,0.0005007075,288
/ntfsl/data/fit_processed_data/plots/running_2019-01-15_00-38-28.png,0.0005007075,221
/ntfsl/data/fit_processed_data/plots/running_2017-11-16_00-49-25.png,0.0005007075,44
/ntfsl/data/fit_processed_data/plots/running_2019-07-14_15-23-25.png,0.0005007075,367
/ntfsl/data/fit_processed_data/plots/running_2020-07-27_13-10-47.png,0.0005007075,638
/ntfsl/data/fit_processed_data/plots/running_2021-01-20_00-10-53.png,0.0005007075,765
/ntfsl/data/fit_processed_data/plots/running_2020-06-03_23-19-54.png,0.9793471,597
/ntfsl/data/fit_processed_data/plots/running_2020-06-02_22-33-55.png,0.74720234,596
/ntfsl/data/fit_processed_data/plots/running_2019-05-24_23-07-34.png,0.0005007075,317
/ntfsl/data/fit_processed_data/plots/running_2019-03-07_00-06-01.png,0.31951,257
/ntfsl/data/fit_processed_data/plots/running_2020-05-23_17-50-58.png,0.3833469,589
/ntfsl/data/fit_processed_data/plots/running_2020-06-13_14-26-10.png,0.7918262,605
/ntfsl/data/fit_processed_data/plots/running_2020-09-18_13-06-00.png,0.0012435508,685
/ntfsl/data/fit_processed_data/plots/running_2019-12-29_15-19-18.png,0.0005007075,486
/ntfsl/data/fit_processed_data/plots/running_2018-12-13_18-31-08.png,0.0005007075,200
/ntfsl/data/fit_processed_data/plots/running_2020-04-12_16-09-34.png,0.47086567,560
/ntfsl/data/fit_processed_data/plots/running_2020-03-07_16-25-31.png,0.0005007075,539
/ntfsl/data/fit_processed_data/plots/running_2021-02-15_18-14-40.png,0.0005007075,780
/ntfsl/data/fit_processed_data/plots/running_2020-07-17_12-48-10.png,0.0005007075,631
/ntfsl/data/fit_processed_data/plots/running_2019-05-22_23-08-47.png,0.0005007075,312
/ntfsl/data/fit_processed_data/plots/running_2019-01-29_19-24-10.png,0.0005007075,231
/ntfsl/data/fit_processed_data/plots/running_2018-06-13_23-35-57.png,0.0005007075,120
/ntfsl/data/fit_processed_data/plots/running_2019-06-10_23-28-17.png,0.0005007075,333
/ntfsl/data/fit_processed_data/plots/running_2017-11-23_14-59-44.png,0.0005007075,49
/ntfsl/data/fit_processed_data/plots/running_2019-06-28_22-58-02.png,0.0005007075,350
/ntfsl/data/fit_processed_data/plots/running_2019-07-03_22-33-58.png,0.0005007075,356
/ntfsl/data/fit_processed_data/plots/running_2017-12-05_00-35-22.png,0.0005007075,55
/ntfsl/data/fit_processed_data/plots/running_2018-10-27_18-24-16.png,0.0005007075,184
/ntfsl/data/fit_processed_data/plots/running_2021-01-11_23-23-42.png,0.0005007075,760
/ntfsl/data/fit_processed_data/plots/running_2020-05-09_16-49-12.png,0.40549558,579
/ntfsl/data/fit_processed_data/plots/running_2019-06-30_14-03-30.png,0.0005007075,354
/ntfsl/data/fit_processed_data/plots/running_2019-04-05_23-13-54.png,0.0005007075,279
/ntfsl/data/fit_processed_data/plots/running_2019-06-29_14-06-06.png,0.0005007075,353
/ntfsl/data/fit_processed_data/plots/running_2019-08-12_23-34-34.png,0.0005007075,388
/ntfsl/data/fit_processed_data/plots/running_2018-01-21_17-43-36.png,0.0005007075,75
/ntfsl/data/fit_processed_data/plots/running_2017-10-12_20-15-00.png,0.0015676138,20
/ntfsl/data/fit_processed_data/plots/running_2019-06-05_23-48-59.png,0.0005007075,328
/ntfsl/data/fit_processed_data/plots/running_2019-02-02_23-37-00.png,0.0005007075,233
/ntfsl/data/fit_processed_data/plots/running_2020-09-26_14-47-04.png,0.0005007075,691
/ntfsl/data/fit_processed_data/plots/running_2019-11-15_00-05-41.png,0.0005007075,460
/ntfsl/data/fit_processed_data/plots/running_2018-01-27_14-48-19.png,0.0005007075,80
/ntfsl/data/fit_processed_data/plots/running_2020-04-17_22-57-38.png,0.42207015,564
/ntfsl/data/fit_processed_data/plots/running_2017-09-22_17-29-27.png,0.0019393298,2
/ntfsl/data/fit_processed_data/plots/running_2020-03-15_15-59-42.png,0.0005007075,545
/ntfsl/data/fit_processed_data/plots/running_2021-03-04_23-07-04.png,0.0005007075,790
/ntfsl/data/fit_processed_data/plots/running_2020-06-26_12-28-14.png,0.8242798,616
/ntfsl/data/fit_processed_data/plots/running_2021-01-21_23-01-21.png,0.0005007075,767
/ntfsl/data/fit_processed_data/plots/running_2019-03-11_23-39-09.png,0.0005007075,261
/ntfsl/data/fit_processed_data/plots/running_2017-11-23_15-21-48.png,0.0005007075,50
/ntfsl/data/fit_processed_data/plots/running_2021-05-16_16-49-32.png,0.0005007075,833
/ntfsl/data/fit_processed_data/plots/running_2021-04-28_22-15-02.png,0.0005007075,824
/ntfsl/data/fit_processed_data/plots/running_2019-09-04_23-40-53.png,0.17809534,407
/ntfsl/data/fit_processed_data/plots/running_2019-10-23_23-52-32.png,0.0005007075,445
/ntfsl/data/fit_processed_data/plots/running_2019-12-03_00-21-29.png,0.0005007075,478
/ntfsl/data/fit_processed_data/plots/running_2020-11-09_14-18-15.png,0.0005007075,722
/ntfsl/data/fit_processed_data/plots/running_2021-04-17_13-13-12.png,0.0005007075,817
/ntfsl/data/fit_processed_data/plots/running_2021-03-24_12-49-17.png,0.0005007075,801
/ntfsl/data/fit_processed_data/plots/running_2019-03-26_23-31-43.png,0.0005007075,271
/ntfsl/data/fit_processed_data/plots/running_2020-08-25_13-06-20.png,0.0005007075,665
/ntfsl/data/fit_processed_data/plots/running_2019-05-15_23-29-34.png,0.0005007075,306
/ntfsl/data/fit_processed_data/plots/running_2019-06-08_17-06-45.png,0.0005007075,331
/ntfsl/data/fit_processed_data/plots/running_2020-12-10_23-37-41.png,0.0005007075,744
/ntfsl/data/fit_processed_data/plots/running_2017-11-24_22-47-33.png,0.0005007075,51
/ntfsl/data/fit_processed_data/plots/running_2018-01-06_17-10-17.png,0.0005007075,65
/ntfsl/data/fit_processed_data/plots/running_2018-08-15_10-59-43.png,0.0005007075,152
/ntfsl/data/fit_processed_data/plots/running_2018-03-11_19-59-22.png,0.0005007075,94
/ntfsl/data/fit_processed_data/plots/running_2021-01-23_18-16-12.png,0.0005007075,768
/ntfsl/data/fit_processed_data/plots/running_2019-08-14_00-26-46.png,0.0005007075,389
/ntfsl/data/fit_processed_data/plots/running_2021-04-15_22-22-59.png,0.0005007075,816
/ntfsl/data/fit_processed_data/plots/running_2018-10-03_23-28-07.png,0.0005007075,176
/ntfsl/data/fit_processed_data/plots/running_2020-12-13_17-55-07.png,0.0005007075,745
/ntfsl/data/fit_processed_data/plots/running_2019-02-27_01-18-07.png,0.0005007075,252
/ntfsl/data/fit_processed_data/plots/running_2019-09-11_23-56-29.png,0.0005007075,413
/ntfsl/data/fit_processed_data/plots/running_2020-06-17_12-07-27.png,0.78181034,608
/ntfsl/data/fit_processed_data/plots/running_2018-12-29_20-08-12.png,0.0048418157,209
/ntfsl/data/fit_processed_data/plots/running_2019-09-05_23-14-58.png,0.0005007075,408
/ntfsl/data/fit_processed_data/plots/running_2019-09-15_20-48-32.png,0.0005007075,416
/ntfsl/data/fit_processed_data/plots/running_2019-10-14_23-30-56.png,0.0005007075,437
/ntfsl/data/fit_processed_data/plots/running_2018-09-08_13-22-04.png,0.0005007075,164
/ntfsl/data/fit_processed_data/plots/running_2019-06-14_00-11-30.png,0.0005007075,335
/ntfsl/data/fit_processed_data/plots/running_2019-08-15_23-36-57.png,0.0005007075,390
/ntfsl/data/fit_processed_data/plots/running_2020-04-20_23-16-07.png,0.7041058,566
/ntfsl/data/fit_processed_data/plots/running_2017-10-04_23-48-58.png,0.0005007075,13
/ntfsl/data/fit_processed_data/plots/running_2018-03-10_15-59-19.png,0.0005007075,93
/ntfsl/data/fit_processed_data/plots/running_2018-09-01_17-18-36.png,0.0005007075,160
/ntfsl/data/fit_processed_data/plots/running_2017-10-23_23-37-00.png,0.0005007075,28
/ntfsl/data/fit_processed_data/plots/running_2017-11-14_00-18-28.png,0.0005007075,43
/ntfsl/data/fit_processed_data/plots/running_2019-06-07_23-23-53.png,0.0005007075,330
/ntfsl/data/fit_processed_data/plots/running_2021-04-22_22-24-56.png,0.0005007075,820
/ntfsl/data/fit_processed_data/plots/running_2019-10-24_23-02-04.png,0.0005007075,446
/ntfsl/data/fit_processed_data/plots/running_2019-08-11_18-02-17.png,0.0005007075,387
/ntfsl/data/fit_processed_data/plots/running_2021-03-16_22-35-14.png,0.0005007075,796
/ntfsl/data/fit_processed_data/plots/running_2021-02-01_23-56-41.png,0.0026867322,774
/ntfsl/data/fit_processed_data/plots/running_2020-08-22_15-29-56.png,0.0005007075,663
/ntfsl/data/fit_processed_data/plots/running_2021-04-10_17-01-19.png,0.0005007075,813
/ntfsl/data/fit_processed_data/plots/running_2020-02-08_17-55-54.png,0.0005007075,516
/ntfsl/data/fit_processed_data/plots/running_2018-12-07_19-17-13.png,0.035534598,197
/ntfsl/data/fit_processed_data/plots/running_2020-07-21_12-40-36.png,0.0005007075,634
/ntfsl/data/fit_processed_data/plots/running_2019-11-29_18-26-08.png,0.0005007075,476
/ntfsl/data/fit_processed_data/plots/running_2020-03-08_12-44-46.png,0.0005007075,540
/ntfsl/data/fit_processed_data/plots/running_2020-05-14_22-28-45.png,0.6043069,583
/ntfsl/data/fit_processed_data/plots/running_2019-10-12_02-12-49.png,0.0005007075,435
/ntfsl/data/fit_processed_data/plots/running_2019-08-08_23-47-58.png,0.0005007075,384
/ntfsl/data/fit_processed_data/plots/running_2020-08-15_14-23-09.png,0.0005007075,657
/ntfsl/data/fit_processed_data/plots/running_2018-12-20_21-35-15.png,0.0005007075,205
/ntfsl/data/fit_processed_data/plots/running_2020-02-02_17-35-34.png,0.0005007075,512
/ntfsl/data/fit_processed_data/plots/running_2020-04-10_22-17-46.png,0.0005007075,558
/ntfsl/data/fit_processed_data/plots/running_2019-04-20_13-40-42.png,0.0005007075,290
/ntfsl/data/fit_processed_data/plots/running_2020-03-03_00-28-45.png,0.039311226,535
/ntfsl/data/fit_processed_data/plots/running_2018-06-30_13-38-09.png,0.0005007075,128
/ntfsl/data/fit_processed_data/plots/running_2018-07-21_17-17-36.png,0.0005007075,140
/ntfsl/data/fit_processed_data/plots/running_2019-11-28_15-33-00.png,0.0005007075,474
/ntfsl/data/fit_processed_data/plots/running_2020-01-01_22-35-11.png,0.0005007075,489
/ntfsl/data/fit_processed_data/plots/running_2019-06-21_23-04-09.png,0.0005007075,344
/ntfsl/data/fit_processed_data/plots/running_2017-10-29_12-59-00.png,0.0005007075,34
/ntfsl/data/fit_processed_data/plots/running_2019-10-12_14-21-54.png,0.0005007075,436
/ntfsl/data/fit_processed_data/plots/running_2019-01-26_19-03-09.png,0.0005007075,229
/ntfsl/data/fit_processed_data/plots/running_2020-07-28_12-56-48.png,0.0005007075,639
/ntfsl/data/fit_processed_data/plots/running_2017-12-16_20-06-15.png,0.0005007075,59
/ntfsl/data/fit_processed_data/plots/running_2020-01-24_00-25-29.png,0.0005007075,504
/ntfsl/data/fit_processed_data/plots/running_2019-05-20_23-44-34.png,0.0005007075,311
/ntfsl/data/fit_processed_data/plots/running_2018-11-15_21-44-32.png,0.0005007075,191
/ntfsl/data/fit_processed_data/plots/running_2020-09-25_13-14-03.png,0.0005007075,690
/ntfsl/data/fit_processed_data/plots/running_2019-11-24_18-55-47.png,0.0005007075,469
/ntfsl/data/fit_processed_data/plots/running_2018-01-26_13-41-35.png,0.0005007075,79
/ntfsl/data/fit_processed_data/plots/running_2020-08-14_13-06-08.png,0.0005007075,656
/ntfsl/data/fit_processed_data/plots/running_2018-08-30_12-34-33.png,0.0005007075,159
/ntfsl/data/fit_processed_data/plots/running_2018-10-07_12-31-04.png,0.1045231,179
/ntfsl/data/fit_processed_data/plots/running_2020-04-24_20-54-49.png,0.54679275,569
/ntfsl/data/fit_processed_data/plots/running_2020-02-29_00-24-31.png,0.0005007075,532
/ntfsl/data/fit_processed_data/plots/running_2019-03-16_13-54-08.png,0.0005007075,264
/ntfsl/data/fit_processed_data/plots/running_2017-10-20_23-19-44.png,0.15027359,25
/ntfsl/data/fit_processed_data/plots/running_2018-09-11_23-55-36.png,0.0005007075,166
/ntfsl/data/fit_processed_data/plots/running_2020-08-10_12-55-30.png,0.0005007075,652
/ntfsl/data/fit_processed_data/plots/running_2019-03-03_16-49-06.png,0.6475759,256
/ntfsl/data/fit_processed_data/plots/running_2019-07-10_10-20-23.png,0.0005007075,363
/ntfsl/data/fit_processed_data/plots/running_2019-09-02_23-33-00.png,0.0005007075,405
/ntfsl/data/fit_processed_data/plots/running_2019-12-09_20-58-11.png,0.0005007075,480
/ntfsl/data/fit_processed_data/plots/running_2017-10-16_23-38-28.png,0.0005007075,23
/ntfsl/data/fit_processed_data/plots/running_2018-06-23_16-37-58.png,0.2240013,125
/ntfsl/data/fit_processed_data/plots/running_2020-05-15_22-09-49.png,0.4986901,584
/ntfsl/data/fit_processed_data/plots/running_2017-10-30_23-06-04.png,0.0005007075,35
/ntfsl/data/fit_processed_data/plots/running_2021-03-29_23-01-30.png,0.0005007075,805
/ntfsl/data/fit_processed_data/plots/running_2021-05-17_22-58-16.png,0.0005007075,834
/ntfsl/data/fit_processed_data/plots/running_2020-09-20_17-04-39.png,0.0005007075,687
/ntfsl/data/fit_processed_data/plots/running_2019-03-02_15-14-13.png,0.0005007075,255
/ntfsl/data/fit_processed_data/plots/running_2019-04-10_23-27-16.png,0.0005007075,283
/ntfsl/data/fit_processed_data/plots/running_2019-06-14_23-17-05.png,0.0005007075,336
/ntfsl/data/fit_processed_data/plots/running_2020-02-16_16-12-58.png,0.0005007075,523
/ntfsl/data/fit_processed_data/plots/running_2020-11-01_18-44-27.png,0.0005007075,718
/ntfsl/data/fit_processed_data/plots/running_2019-07-15_23-01-47.png,0.0005007075,368
/ntfsl/data/fit_processed_data/plots/running_2018-06-09_15-53-13.png,0.0005007075,117
/ntfsl/data/fit_processed_data/plots/running_2020-08-02_17-57-44.png,0.0005007075,644
/ntfsl/data/fit_processed_data/plots/running_2019-05-29_22-50-28.png,0.0005007075,320
/ntfsl/data/fit_processed_data/plots/running_2020-07-29_12-53-38.png,0.0005007075,640
/ntfsl/data/fit_processed_data/plots/running_2021-01-09_18-08-28.png,0.0005007075,759
/ntfsl/data/fit_processed_data/plots/running_2018-12-12_19-47-08.png,0.0005007075,199
/ntfsl/data/fit_processed_data/plots/running_2019-05-26_15-38-57.png,0.0005007075,318
/ntfsl/data/fit_processed_data/plots/running_2019-07-09_23-58-28.png,0.0005007075,362
/ntfsl/data/fit_processed_data/plots/running_2020-09-30_13-01-24.png,0.0005007075,694
/ntfsl/data/fit_processed_data/plots/running_2019-03-18_23-36-23.png,0.0005007075,266
/ntfsl/data/fit_processed_data/plots/running_2020-09-05_17-07-47.png,0.0005007075,675
/ntfsl/data/fit_processed_data/plots/running_2021-04-07_22-47-49.png,0.0005007075,811
/ntfsl/data/fit_processed_data/plots/running_2018-08-20_23-38-27.png,0.0005007075,155
/ntfsl/data/fit_processed_data/plots/running_2018-03-19_23-36-20.png,0.0005007075,99
/ntfsl/data/fit_processed_data/plots/running_2017-10-07_12-53-11.png,0.0005007075,16
/ntfsl/data/fit_processed_data/plots/running_2020-03-16_22-31-46.png,0.0005007075,546
/ntfsl/data/fit_processed_data/plots/running_2020-11-11_23-38-40.png,0.0005007075,724
/ntfsl/data/fit_processed_data/plots/running_2020-02-26_00-20-35.png,0.0005007075,529
/ntfsl/data/fit_processed_data/plots/running_2019-04-06_14-43-00.png,0.0005007075,280
/ntfsl/data/fit_processed_data/plots/running_2020-12-02_23-38-52.png,0.0005007075,738
/ntfsl/data/fit_processed_data/plots/running_2017-10-15_13-36-08.png,0.0005007075,22
/ntfsl/data/fit_processed_data/plots/running_2020-02-12_23-55-18.png,0.0005007075,520
/ntfsl/data/fit_processed_data/plots/running_2018-02-27_00-39-08.png,0.0005007075,87
/ntfsl/data/fit_processed_data/plots/running_2020-12-29_23-36-30.png,0.0005007075,753
/ntfsl/data/fit_processed_data/plots/running_2018-12-28_22-54-08.png,0.0005007075,208
/ntfsl/data/fit_processed_data/plots/running_2020-10-03_17-08-07.png,0.3294402,697
/ntfsl/data/fit_processed_data/plots/running_2019-08-21_00-43-07.png,0.0005007075,395
/ntfsl/data/fit_processed_data/plots/running_2020-11-27_16-41-09.png,0.0005007075,734
/ntfsl/data/fit_processed_data/plots/running_2017-11-30_01-18-52.png,0.0005007075,53
/ntfsl/data/fit_processed_data/plots/running_2019-03-17_20-31-49.png,0.0005007075,265
/ntfsl/data/fit_processed_data/plots/running_2020-08-18_13-08-26.png,0.0005007075,659
/ntfsl/data/fit_processed_data/plots/running_2020-07-23_12-39-33.png,0.0005007075,636
/ntfsl/data/fit_processed_data/plots/running_2020-12-23_17-00-59.png,0.35858744,750
/ntfsl/data/fit_processed_data/plots/running_2020-09-01_13-11-50.png,0.0005007075,671
/ntfsl/data/fit_processed_data/plots/running_2021-01-27_19-23-01.png,0.23500553,770
/ntfsl/data/fit_processed_data/plots/running_2020-05-06_23-25-13.png,0.40364933,576
/ntfsl/data/fit_processed_data/plots/running_2020-11-21_18-36-24.png,0.0005007075,731
/ntfsl/data/fit_processed_data/plots/running_2017-12-09_01-13-51.png,0.0005007075,56
/ntfsl/data/fit_processed_data/plots/running_2021-05-15_15-41-16.png,0.0005007075,832
/ntfsl/data/fit_processed_data/plots/running_2020-02-11_01-08-15.png,0.0005007075,518
/ntfsl/data/fit_processed_data/plots/running_2021-02-21_17-53-20.png,0.0005007075,783
/ntfsl/data/fit_processed_data/plots/running_2019-07-24_10-41-40.png,0.0005007075,376
/ntfsl/data/fit_processed_data/plots/running_2019-05-19_14-30-45.png,0.0005007075,310
/ntfsl/data/fit_processed_data/plots/running_2018-08-06_23-37-31.png,0.0005007075,148
/ntfsl/data/fit_processed_data/plots/running_2018-08-26_14-50-15.png,0.031359,158
/ntfsl/data/fit_processed_data/plots/running_2019-07-16_23-40-54.png,0.0005007075,369
/ntfsl/data/fit_processed_data/plots/running_2020-11-25_23-20-55.png,0.08096819,732
/ntfsl/data/fit_processed_data/plots/running_2019-08-04_14-37-30.png,0.0005007075,380
/ntfsl/data/fit_processed_data/plots/running_2018-04-23_23-38-32.png,0.0005007075,107
/ntfsl/data/fit_processed_data/plots/running_2018-12-14_19-09-00.png,0.0005007075,201
/ntfsl/data/fit_processed_data/plots/running_2020-09-04_15-19-32.png,0.0005007075,674
/ntfsl/data/fit_processed_data/plots/running_2018-07-30_23-38-21.png,0.0005007075,144
/ntfsl/data/fit_processed_data/plots/running_2019-11-26_00-29-23.png,0.0005007075,470
/ntfsl/data/fit_processed_data/plots/running_2020-03-07_00-38-19.png,0.0005007075,538
/ntfsl/data/fit_processed_data/plots/running_2020-11-20_23-04-25.png,0.0005007075,730
/ntfsl/data/fit_processed_data/plots/running_2019-12-25_05-59-44.png,0.73720205,485
/ntfsl/data/fit_processed_data/plots/running_2020-05-25_18-08-25.png,0.48763347,590
/ntfsl/data/fit_processed_data/plots/running_2018-07-18_23-25-09.png,0.0005007075,138
/ntfsl/data/fit_processed_data/plots/running_2019-07-22_22-58-00.png,0.0005007075,374
/ntfsl/data/fit_processed_data/plots/running_2021-04-06_22-28-13.png,0.0005007075,810
/ntfsl/data/fit_processed_data/plots/running_2020-05-12_23-15-41.png,0.14237247,581
/ntfsl/data/fit_processed_data/plots/running_2020-10-12_13-23-26.png,0.0005007075,703
/ntfsl/data/fit_processed_data/plots/running_2020-03-28_17-12-27.png,0.0005007075,557
/ntfsl/data/fit_processed_data/plots/running_2020-08-16_14-44-43.png,0.0005007075,658
/ntfsl/data/fit_processed_data/plots/running_2018-01-23_00-36-24.png,0.0005007075,76
/ntfsl/data/fit_processed_data/plots/running_2019-11-15_23-56-48.png,0.0005007075,461
/ntfsl/data/fit_processed_data/plots/running_2021-02-27_00-13-30.png,0.0005007075,786
/ntfsl/data/fit_processed_data/plots/running_2020-06-21_15-52-52.png,0.4734849,612
/ntfsl/data/fit_processed_data/plots/running_2020-01-04_18-12-26.png,0.0005007075,492
/ntfsl/data/fit_processed_data/plots/running_2020-10-01_13-17-50.png,0.0005007075,695
/ntfsl/data/fit_processed_data/plots/running_2019-09-30_22-52-54.png,0.105373874,428
/ntfsl/data/fit_processed_data/plots/running_2019-10-25_23-06-12.png,0.0005007075,447
/ntfsl/data/fit_processed_data/plots/running_2020-06-27_15-12-07.png,0.72189057,617
/ntfsl/data/fit_processed_data/plots/running_2020-01-12_17-30-03.png,0.0005007075,496
/ntfsl/data/fit_processed_data/plots/running_2017-10-03_16-10-15.png,0.30987474,12
/ntfsl/data/fit_processed_data/plots/running_2020-08-20_13-09-45.png,0.0005007075,661
/ntfsl/data/fit_processed_data/plots/running_2019-06-17_23-14-40.png,0.26024127,339
/ntfsl/data/fit_processed_data/plots/running_2019-04-07_14-24-24.png,0.0005007075,281
/ntfsl/data/fit_processed_data/plots/running_2019-09-09_23-33-16.png,0.0005007075,411
/ntfsl/data/fit_processed_data/plots/running_2019-05-09_00-36-04.png,0.0005007075,300
/ntfsl/data/fit_processed_data/plots/running_2019-06-12_10-38-13.png,0.0005007075,334
/ntfsl/data/fit_processed_data/plots/running_2018-05-20_14-32-13.png,0.0005007075,111
/ntfsl/data/fit_processed_data/plots/running_2019-06-29_12-30-30.png,0.0005007075,351
/ntfsl/data/fit_processed_data/plots/running_2018-06-10_17-48-59.png,0.0005007075,118
/ntfsl/data/fit_processed_data/plots/running_2020-09-29_16-57-44.png,0.0005007075,693
/ntfsl/data/fit_processed_data/plots/running_2020-10-29_13-40-57.png,0.0005007075,716
/ntfsl/data/fit_processed_data/plots/running_2019-08-31_15-51-13.png,0.0005007075,403
/ntfsl/data/fit_processed_data/plots/running_2020-06-05_00-12-40.png,0.0005007075,598
/ntfsl/data/fit_processed_data/plots/running_2021-01-02_17-24-15.png,0.0005007075,755
/ntfsl/data/fit_processed_data/plots/running_2018-03-25_17-41-15.png,0.0005007075,104
/ntfsl/data/fit_processed_data/plots/running_2019-11-05_00-21-34.png,0.14751893,453
/ntfsl/data/fit_processed_data/plots/running_2019-10-19_15-07-30.png,0.0005007075,442
/ntfsl/data/fit_processed_data/plots/running_2018-07-09_23-38-12.png,0.0005007075,134
/ntfsl/data/fit_processed_data/plots/running_2018-05-06_14-53-08.png,0.0005007075,109
/ntfsl/data/fit_processed_data/plots/running_2018-01-28_15-27-56.png,0.0005007075,81
/ntfsl/data/fit_processed_data/plots/running_2020-06-07_17-27-51.png,0.5259001,601
/ntfsl/data/fit_processed_data/plots/running_2019-11-28_16-07-03.png,0.0005007075,475
/ntfsl/data/fit_processed_data/plots/running_2020-08-12_12-21-41.png,0.0005007075,654
/ntfsl/data/fit_processed_data/plots/running_2019-11-19_02-50-35.png,0.0005007075,464
/ntfsl/data/fit_processed_data/plots/running_2019-09-23_23-23-57.png,0.0011078615,424
/ntfsl/data/fit_processed_data/plots/running_2018-09-29_15-33-31.png,0.0005007075,173
/ntfsl/data/fit_processed_data/plots/running_2021-04-29_22-18-02.png,0.0005007075,825
/ntfsl/data/fit_processed_data/plots/running_2018-09-05_23-27-09.png,0.10625171,163
/ntfsl/data/fit_processed_data/plots/running_2019-03-14_00-07-33.png,0.0005007075,262
/ntfsl/data/fit_processed_data/plots/running_2020-01-19_18-05-22.png,0.0052758404,501
/ntfsl/data/fit_processed_data/plots/running_2017-11-09_20-34-18.png,0.00081075996,40
/ntfsl/data/fit_processed_data/plots/running_2018-01-11_13-21-24.png,0.0005007075,68
/ntfsl/data/fit_processed_data/plots/running_2020-12-31_19-07-55.png,0.0005007075,754
/ntfsl/data/fit_processed_data/plots/running_2019-09-08_15-37-41.png,0.0005007075,410
/ntfsl/data/fit_processed_data/plots/running_2019-10-27_16-46-10.png,0.0005007075,449
/ntfsl/data/fit_processed_data/plots/running_2018-05-21_23-38-28.png,0.0005007075,112
/ntfsl/data/fit_processed_data/plots/running_2019-11-20_00-24-53.png,0.0005007075,465
/ntfsl/data/fit_processed_data/plots/running_2020-04-13_23-04-06.png,0.52556133,561
/ntfsl/data/fit_processed_data/plots/running_2019-06-21_00-13-18.png,0.0005007075,342
/ntfsl/data/fit_processed_data/plots/running_2019-01-25_16-00-02.png,0.0005007075,228
/ntfsl/data/fit_processed_data/plots/running_2019-08-16_22-47-03.png,0.0005007075,391
/ntfsl/data/fit_processed_data/plots/running_2020-02-07_00-36-36.png,0.0005007075,515
/ntfsl/data/fit_processed_data/plots/running_2019-11-09_16-56-51.png,0.0005007075,456
/ntfsl/data/fit_processed_data/plots/running_2020-09-24_13-15-52.png,0.0005007075,689
/ntfsl/data/fit_processed_data/plots/running_2019-10-20_21-25-25.png,0.0005007075,443
/ntfsl/data/fit_processed_data/plots/running_2021-03-02_23-31-09.png,0.0005007075,788
/ntfsl/data/fit_processed_data/plots/running_2020-11-16_23-44-29.png,0.0010932295,727
/ntfsl/data/fit_processed_data/plots/running_2021-03-19_22-33-53.png,0.0005007075,798
/ntfsl/data/fit_processed_data/plots/running_2018-03-09_13-59-57.png,0.0005007075,92
/ntfsl/data/fit_processed_data/plots/running_2017-11-18_23-16-20.png,0.0036828993,45
/ntfsl/data/fit_processed_data/plots/running_2019-09-20_00-26-25.png,0.0028487972,420
/ntfsl/data/fit_processed_data/plots/running_2018-12-11_00-38-31.png,0.0005007075,198
/ntfsl/data/fit_processed_data/plots/running_2018-06-16_12-02-23.png,0.0005007075,121
/ntfsl/data/fit_processed_data/plots/running_2020-08-23_14-43-22.png,0.0005007075,664
/ntfsl/data/fit_processed_data/plots/running_2019-07-19_22-43-49.png,0.0005007075,372
/ntfsl/data/fit_processed_data/plots/running_2019-03-24_13-00-12.png,0.0005007075,268
/ntfsl/data/fit_processed_data/plots/running_2021-04-09_23-16-18.png,0.0005007075,812
/ntfsl/data/fit_processed_data/plots/running_2021-01-03_17-49-03.png,0.0005007075,756
/ntfsl/data/fit_processed_data/plots/running_2019-02-09_04-44-45.png,0.0005007075,238
/ntfsl/data/fit_processed_data/plots/running_2018-06-17_17-11-30.png,0.0005007075,122
/ntfsl/data/fit_processed_data/plots/running_2021-04-26_23-23-09.png,0.0005007075,822
/ntfsl/data/fit_processed_data/plots/running_2019-08-07_00-01-58.png,0.0005007075,382
/ntfsl/data/fit_processed_data/plots/running_2019-02-16_18-10-44.png,0.0005007075,244
/ntfsl/data/fit_processed_data/plots/running_2019-05-12_14-37-47.png,0.0005007075,303
/ntfsl/data/fit_processed_data/plots/running_2017-11-23_14-50-38.png,0.0005007075,48
/ntfsl/data/fit_processed_data/plots/running_2018-08-11_16-29-08.png,0.0005007075,150
/ntfsl/data/fit_processed_data/plots/running_2020-11-14_16-41-16.png,0.0005007075,726
/ntfsl/data/fit_processed_data/plots/running_2018-09-16_15-29-17.png,0.0005007075,167
/ntfsl/data/fit_processed_data/plots/running_2021-04-05_23-15-36.png,0.0005007075,809
/ntfsl/data/fit_processed_data/plots/running_2019-04-01_23-19-58.png,0.0005007075,276
/ntfsl/data/fit_processed_data/plots/running_2017-12-25_05-47-07.png,0.16244707,63
/ntfsl/data/fit_processed_data/plots/running_2019-07-31_00-27-53.png,0.040762536,378
/ntfsl/data/fit_processed_data/plots/running_2020-01-22_01-04-58.png,0.0005007075,503
/ntfsl/data/fit_processed_data/plots/running_2018-09-20_23-59-26.png,0.0005007075,169
/ntfsl/data/fit_processed_data/plots/running_2020-10-21_22-31-42.png,0.0005007075,710
/ntfsl/data/fit_processed_data/plots/running_2021-02-09_23-23-58.png,0.0005007075,778
/ntfsl/data/fit_processed_data/plots/running_2020-10-27_22-41-51.png,0.0005007075,715
/ntfsl/data/fit_processed_data/plots/running_2019-07-08_22-54-38.png,0.0005007075,361
/ntfsl/data/fit_processed_data/plots/running_2017-10-01_14-15-03.png,0.0005007075,11
/ntfsl/data/fit_processed_data/plots/running_2019-05-23_04-57-53.png,0.0005007075,313
/ntfsl/data/fit_processed_data/plots/running_2017-11-09_00-47-27.png,0.0005007075,39
/ntfsl/data/fit_processed_data/plots/running_2019-03-09_00-59-50.png,0.0005007075,258
/ntfsl/data/fit_processed_data/plots/running_2020-07-04_14-01-05.png,0.97151184,621
/ntfsl/data/fit_processed_data/plots/running_2020-03-20_23-29-38.png,0.0005007075,550
/ntfsl/data/fit_processed_data/plots/running_2018-07-20_17-33-21.png,0.0005007075,139
/ntfsl/data/fit_processed_data/plots/running_2018-03-28_12-49-17.png,0.006716522,105
/ntfsl/data/fit_processed_data/plots/running_2020-07-26_18-15-43.png,0.0005007075,637
/ntfsl/data/fit_processed_data/plots/running_2020-02-29_16-28-09.png,0.0005007075,533
/ntfsl/data/fit_processed_data/plots/running_2019-10-11_23-36-53.png,0.0005007075,434
/ntfsl/data/fit_processed_data/plots/running_2020-10-06_13-44-13.png,0.0005007075,699
/ntfsl/data/fit_processed_data/plots/running_2020-09-07_15-33-36.png,0.0005007075,676
/ntfsl/data/fit_processed_data/plots/running_2020-06-30_13-03-11.png,0.28362817,618
/ntfsl/data/fit_processed_data/plots/running_2020-04-14_23-13-58.png,0.5183516,562
/ntfsl/data/fit_processed_data/plots/running_2020-10-26_23-06-58.png,0.008493534,714
/ntfsl/data/fit_processed_data/plots/running_2020-07-16_13-32-14.png,0.0005007075,630
/ntfsl/data/fit_processed_data/plots/running_2017-09-25_23-39-16.png,0.0005007075,5
/ntfsl/data/fit_processed_data/plots/running_2020-12-07_14-01-40.png,0.0005007075,742
/ntfsl/data/fit_processed_data/plots/running_2018-10-31_23-58-17.png,0.0005007075,186
/ntfsl/data/fit_processed_data/plots/running_2019-11-06_01-07-02.png,0.016957695,454
/ntfsl/data/fit_processed_data/plots/running_2021-02-04_23-04-02.png,0.27771008,776
/ntfsl/data/fit_processed_data/plots/running_2019-01-09_17-54-07.png,0.0005007075,217
/ntfsl/data/fit_processed_data/plots/running_2019-01-20_18-44-29.png,0.0005007075,225
/ntfsl/data/fit_processed_data/plots/running_2018-04-28_12-03-36.png,0.0005007075,108
/ntfsl/data/fit_processed_data/plots/running_2019-12-05_00-05-41.png,0.0005007075,479
/ntfsl/data/fit_processed_data/plots/running_2020-02-27_23-57-32.png,0.0005007075,531
/ntfsl/data/fit_processed_data/plots/running_2019-10-03_23-14-51.png,0.0005007075,429
/ntfsl/data/fit_processed_data/plots/running_2021-04-21_22-39-04.png,0.0005007075,819
/ntfsl/data/fit_processed_data/plots/running_2020-01-29_00-25-21.png,0.0005007075,507
/ntfsl/data/fit_processed_data/plots/running_2020-03-21_16-20-17.png,0.0005007075,551
/ntfsl/data/fit_processed_data/plots/running_2020-03-13_22-22-14.png,0.0005007075,544
/ntfsl/data/fit_processed_data/plots/running_2019-11-28_15-00-14.png,0.0005007075,473
/ntfsl/data/fit_processed_data/plots/running_2017-11-11_20-35-44.png,0.071224764,41
/ntfsl/data/fit_processed_data/plots/running_2021-01-13_23-32-24.png,0.0005007075,761
/ntfsl/data/fit_processed_data/plots/running_2019-08-18_18-54-33.png,0.0005007075,393
/ntfsl/data/fit_processed_data/plots/running_2020-10-23_22-53-12.png,0.0014770569,712
/ntfsl/data/fit_processed_data/plots/running_2019-04-26_20-22-04.png,0.0005007075,293
/ntfsl/data/fit_processed_data/plots/running_2020-09-02_13-18-38.png,0.0005007075,672
/ntfsl/data/fit_processed_data/plots/running_2019-04-08_23-38-02.png,0.0005007075,282
/ntfsl/data/fit_processed_data/plots/running_2019-06-23_14-48-09.png,0.0005007075,346
/ntfsl/data/fit_processed_data/plots/running_2021-02-17_14-48-07.png,0.0005007075,781
/ntfsl/data/fit_processed_data/plots/running_2017-10-01_13-03-48.png,0.0005007075,9
/ntfsl/data/fit_processed_data/plots/running_2020-12-22_14-28-45.png,0.0005007075,749
/ntfsl/data/fit_processed_data/plots/running_2020-10-19_13-05-45.png,0.0005007075,708
/ntfsl/data/fit_processed_data/plots/running_2018-03-18_21-19-31.png,0.30248854,98
/ntfsl/data/fit_processed_data/plots/running_2020-09-10_13-24-07.png,0.0005007075,679
/ntfsl/data/fit_processed_data/plots/running_2020-07-10_17-30-22.png,0.81911314,626
/ntfsl/data/fit_processed_data/plots/running_2018-03-21_23-28-26.png,0.0005007075,100
/ntfsl/data/fit_processed_data/plots/running_2017-12-10_22-09-27.png,0.0005007075,57
/ntfsl/data/fit_processed_data/plots/running_2019-05-14_23-15-32.png,0.0005007075,305
/ntfsl/data/fit_processed_data/plots/running_2019-04-22_23-36-00.png,0.0005007075,292
/ntfsl/data/fit_processed_data/plots/running_2020-06-19_12-11-41.png,0.6719072,610
/ntfsl/data/fit_processed_data/plots/running_2020-04-30_23-28-20.png,0.44445327,572
/ntfsl/data/fit_processed_data/plots/running_2020-12-27_17-24-06.png,0.0005007075,752
/ntfsl/data/fit_processed_data/plots/running_2020-03-22_20-56-46.png,0.0005007075,552
/ntfsl/data/fit_processed_data/plots/running_2017-10-01_13-29-45.png,0.0005007075,10
/ntfsl/data/fit_processed_data/plots/running_2020-09-16_12-20-24.png,0.0005007075,683
/ntfsl/data/fit_processed_data/plots/running_2019-06-01_14-08-39.png,0.0005007075,325
/ntfsl/data/fit_processed_data/plots/running_2019-04-03_23-10-10.png,0.0005007075,277
/ntfsl/data/fit_processed_data/plots/running_2019-10-17_23-20-37.png,0.0005007075,440
/ntfsl/data/fit_processed_data/plots/running_2021-03-27_18-08-04.png,0.044931125,803
/ntfsl/data/fit_processed_data/plots/running_2019-09-18_00-43-27.png,0.0005007075,418
/ntfsl/data/fit_processed_data/plots/running_2019-01-04_00-03-00.png,0.0005007075,212
/ntfsl/data/fit_processed_data/plots/running_2020-04-21_23-47-37.png,0.9290088,567
/ntfsl/data/fit_processed_data/plots/running_2020-05-02_16-22-20.png,0.59168,573
/ntfsl/data/fit_processed_data/plots/running_2021-03-25_22-14-52.png,0.0005007075,802
/ntfsl/data/fit_processed_data/plots/running_2019-11-22_23-07-27.png,0.0005007075,467
/ntfsl/data/fit_processed_data/plots/running_2019-08-26_23-32-44.png,0.0005007075,400
/ntfsl/data/fit_processed_data/plots/running_2020-06-18_13-05-05.png,0.5989563,609
/ntfsl/data/fit_processed_data/plots/running_2018-09-24_23-37-16.png,0.0005007075,171
/ntfsl/data/fit_processed_data/plots/running_2020-02-21_00-37-57.png,0.0005007075,526
/ntfsl/data/fit_processed_data/plots/running_2019-06-07_00-04-00.png,0.0005007075,329
/ntfsl/data/fit_processed_data/plots/running_2019-01-16_18-46-45.png,0.0005007075,222
/ntfsl/data/fit_processed_data/plots/running_2018-01-14_18-31-35.png,0.0005007075,70
/ntfsl/data/fit_processed_data/plots/running_2020-05-16_15-07-02.png,0.5165925,585
/ntfsl/data/fit_processed_data/plots/running_2020-10-10_15-13-56.png,0.0005007075,702
/ntfsl/data/fit_processed_data/plots/running_2020-10-17_15-02-51.png,0.0005007075,707
/ntfsl/data/fit_processed_data/plots/running_2019-05-31_23-08-50.png,0.0005007075,322
/ntfsl/data/fit_processed_data/plots/running_2018-06-25_23-34-54.png,0.0005007075,127
/ntfsl/data/fit_processed_data/plots/running_2020-08-08_15-29-22.png,0.0005007075,649
/ntfsl/data/fit_processed_data/plots/running_2021-01-06_23-33-48.png,0.0005007075,757
/ntfsl/data/fit_processed_data/plots/running_2019-02-23_00-01-32.png,0.0005007075,247
/ntfsl/data/fit_processed_data/plots/running_2020-09-03_13-14-33.png,0.0005007075,673
/ntfsl/data/fit_processed_data/plots/running_2017-12-23_14-59-11.png,0.0005007075,62
/ntfsl/data/fit_processed_data/plots/running_2020-03-11_22-53-47.png,0.0005007075,542
/ntfsl/data/fit_processed_data/plots/running_2019-12-13_23-38-17.png,0.0005007075,483
/ntfsl/data/fit_processed_data/plots/running_2020-03-27_13-01-58.png,0.0005007075,556
/ntfsl/data/fit_processed_data/plots/running_2018-03-14_23-26-33.png,0.13828637,96
/ntfsl/data/fit_processed_data/plots/running_2018-08-25_17-36-57.png,0.0005007075,157
/ntfsl/data/fit_processed_data/plots/running_2018-11-06_00-40-01.png,0.0005007075,188
/ntfsl/data/fit_processed_data/plots/running_2018-08-08_10-57-05.png,0.0005007075,149
/ntfsl/data/fit_processed_data/plots/running_2018-08-03_23-00-35.png,0.0005007075,146
/ntfsl/data/fit_processed_data/plots/running_2020-01-31_13-09-25.png,0.0005007075,510
/ntfsl/data/fit_processed_data/plots/running_2019-08-10_15-46-01.png,0.0005007075,386
/ntfsl/data/fit_processed_data/plots/running_2020-09-22_13-23-34.png,0.0005007075,688
/ntfsl/data/fit_processed_data/plots/running_2020-05-31_13-49-21.png,0.5783041,595
/ntfsl/data/fit_processed_data/plots/running_2020-07-30_12-49-01.png,0.0005007075,641
/ntfsl/data/fit_processed_data/plots/running_2019-09-06_23-34-47.png,0.0005007075,409
/ntfsl/data/fit_processed_data/plots/running_2019-03-10_16-02-17.png,0.0005007075,260
/ntfsl/data/fit_processed_data/plots/running_2019-08-05_23-15-09.png,0.0005007075,381
/ntfsl/data/fit_processed_data/plots/running_2019-03-15_00-07-16.png,0.0005007075,263
/ntfsl/data/fit_processed_data/plots/running_2020-07-07_13-18-45.png,0.6152961,623
/ntfsl/data/fit_processed_data/plots/running_2019-02-25_01-01-48.png,0.0005007075,250
/ntfsl/data/fit_processed_data/plots/running_2019-01-05_20-44-44.png,0.0005007075,214
/ntfsl/data/fit_processed_data/plots/running_2020-04-26_16-44-45.png,0.4652259,570
/ntfsl/data/fit_processed_data/plots/running_2020-03-23_23-10-33.png,0.0005007075,553
/ntfsl/data/fit_processed_data/plots/running_2020-08-05_12-40-07.png,0.0005007075,646
/ntfsl/data/fit_processed_data/plots/running_2020-10-24_16-39-05.png,0.0005007075,713
/ntfsl/data/fit_processed_data/plots/running_2021-04-13_17-17-53.png,0.0005007075,814
/ntfsl/data/fit_processed_data/plots/running_2020-02-14_00-38-18.png,0.0005007075,521
/ntfsl/data/fit_processed_data/plots/running_2020-07-08_13-21-24.png,0.9856571,624
/ntfsl/data/fit_processed_data/plots/running_2019-05-18_15-33-18.png,0.0005007075,309
/ntfsl/data/fit_processed_data/plots/running_2021-01-17_17-38-49.png,0.0005007075,763
/ntfsl/data/fit_processed_data/plots/running_2020-06-05_22-19-42.png,0.0005007075,599
/ntfsl/data/fit_processed_data/plots/running_2018-12-04_00-40-17.png,0.0005007075,196
/ntfsl/data/fit_processed_data/plots/running_2018-07-25_10-55-20.png,0.0005007075,142
/ntfsl/data/fit_processed_data/plots/running_2020-11-29_18-02-03.png,0.12623511,735
/ntfsl/data/fit_processed_data/plots/running_2018-12-15_18-50-52.png,0.0005007075,202
/ntfsl/data/fit_processed_data/plots/running_2019-07-18_23-18-06.png,0.0005007075,371
/ntfsl/data/fit_processed_data/plots/running_2021-03-21_14-30-36.png,0.0005007075,800
/ntfsl/data/fit_processed_data/plots/running_2018-07-07_14-47-26.png,0.0005007075,132
/ntfsl/data/fit_processed_data/plots/running_2019-06-03_23-23-04.png,0.0005007075,327
/ntfsl/data/fit_processed_data/plots/running_2020-11-10_23-09-13.png,0.0005007075,723
/ntfsl/data/fit_processed_data/plots/running_2019-04-17_22-52-29.png,0.0005007075,289
/ntfsl/data/fit_processed_data/plots/running_2020-04-16_22-42-38.png,0.40029803,563
/ntfsl/data/fit_processed_data/plots/running_2020-06-24_12-47-00.png,0.620414,614
/ntfsl/data/fit_processed_data/plots/running_2018-12-02_19-14-01.png,0.0005007075,195
/ntfsl/data/fit_processed_data/plots/running_2018-01-30_00-33-22.png,0.0005007075,82
/ntfsl/data/fit_processed_data/plots/running_2018-03-17_15-06-44.png,0.0005007075,97
/ntfsl/data/fit_processed_data/plots/running_2019-04-29_23-38-35.png,0.0005007075,295
/ntfsl/data/fit_processed_data/plots/running_2021-03-13_00-02-13.png,0.0005007075,794
/ntfsl/data/fit_processed_data/plots/running_2019-06-29_13-20-21.png,0.004286703,352
/ntfsl/data/fit_processed_data/plots/running_2020-05-27_23-12-19.png,0.6127335,592
/ntfsl/data/fit_processed_data/plots/running_2020-06-23_12-20-25.png,0.538815,613
/ntfsl/data/fit_processed_data/plots/running_2017-11-30_01-41-57.png,0.1749202,54
/ntfsl/data/fit_processed_data/plots/running_2018-03-23_22-57-31.png,0.0005007075,102
